Workbook

Sheet Invoice_Backup
A1: PRADIP PATIL • D-MART BILLING RECORDS & DATA BACKUP
A2: Contractor Code: 417744 | Loading & Unloading Services | Rates: Ankhi DC = ₹95/Ton, Por DC = ₹1.75/Box
A4: Inv # | B4: Invoice Date | C4: Month-Year | D4: D-Mart Store / Branch | E4: Billing Period | F4: Ankhi DC (Tons) | G4: Rate (₹/Ton) | H4: Ankhi Total (₹) | I4: Por DC (Boxes) | J4: Rate (₹/Box) | K4: Por Total (₹) | L4: Grand Total (₹) | M4: Recorded At
A5: 47 | B5: 15-10-2026 | C5: Oct-2026 | D5: Avenue Super marts Ltd Makarpura - vadodara | E5: 1/10/2026 to 15/10/2026 | F5: 18.45 | G5: 95 | H5: =ROUND(F5*G5, 2) | I5: 3420 | J5: 1.75 | K5: =ROUND(I5*J5, 2) | L5: =ROUND(H5+K5, 0) | M5: 2026-10-15 17:30:00
A6: 48 | B6: 18-10-2026 | C6: Oct-2026 | D6: Avenue Super marts Ltd Bhayali - vadodara | E6: 1/10/2026 to 15/10/2026 | F6: 24.12 | G6: 95 | H6: =ROUND(F6*G6, 2) | I6: 4150 | J6: 1.75 | K6: =ROUND(I6*J6, 2) | L6: =ROUND(H6+K6, 0) | M6: 2026-10-18 11:20:00
A16: TOTAL | F16: =SUM(F5:F15) | H16: =SUM(H5:H15) | I16: =SUM(I5:I15) | K16: =SUM(K5:K15) | L16: =SUM(L5:L15)

Sheet Analytics_Dashboard
A1: D-MART BILLING ANALYTICS & EXECUTIVE DASHBOARD
A2: Live Key Performance Indicators, Store Distribution, and Volume Analytics (Formulas Linked to Invoice_Backup)
A4: TOTAL BILLING REVENUE | C4: TOTAL INVOICES | D4: ANKHI DC (TONS / REVENUE @ ₹95) | F4: POR DC (BOXES / REVENUE @ ₹1.75)
A5: =SUM(Invoice_Backup!L5:L1000) | C5: =COUNT(Invoice_Backup!A5:A1000) | D5: =SUM(Invoice_Backup!F5:F1000) | E5: =SUM(Invoice_Backup!H5:H1000) | F5: =SUM(Invoice_Backup!I5:I1000) | G5: =SUM(Invoice_Backup!K5:K1000)
D6: Unloading Rate: ₹95.00 / Metric Ton | F6: Unloading Rate: ₹1.75 / Box
A8: STORE-WISE PERFORMANCE & REVENUE BREAKDOWN
A9: Store / Branch Name | B9: Keyword Match | C9: Invoice Count | D9: Total Ankhi (Tons) | E9: Total Por (Boxes) | F9: Total Amount (₹) | G9: % Share of Revenue
A10: Avenue Super marts Ltd Bhayali - vadodara | B10: Bhayali | C10: =COUNTIF(Invoice_Backup!$D$5:$D$1000, "*"&B10&"*") | D10: =SUMIFS(Invoice_Backup!$F$5:$F$1000, Invoice_Backup!$D$5:$D$1000, "*"&B10&"*") | E10: =SUMIFS(Invoice_Backup!$I$5:$I$1000, Invoice_Backup!$D$5:$D$1000, "*"&B10&"*") | F10: =SUMIFS(Invoice_Backup!$L$5:$L$1000, Invoice_Backup!$D$5:$D$1000, "*"&B10&"*") | G10: =IFERROR(F10/$A$5, 0)
A11: Avenue Super marts Ltd Makarpura - vadodara | B11: Makarpura | C11: =COUNTIF(Invoice_Backup!$D$5:$D$1000, "*"&B11&"*") | D11: =SUMIFS(Invoice_Backup!$F$5:$F$1000, Invoice_Backup!$D$5:$D$1000, "*"&B11&"*") | E11: =SUMIFS(Invoice_Backup!$I$5:$I$1000, Invoice_Backup!$D$5:$D$1000, "*"&B11&"*") | F11: =SUMIFS(Invoice_Backup!$L$5:$L$1000, Invoice_Backup!$D$5:$D$1000, "*"&B11&"*") | G11: =IFERROR(F11/$A$5, 0)
A12: Avenue Super marts Ltd Manjalpur - vadodara | B12: Manjalpur | C12: =COUNTIF(Invoice_Backup!$D$5:$D$1000, "*"&B12&"*") | D12: =SUMIFS(Invoice_Backup!$F$5:$F$1000, Invoice_Backup!$D$5:$D$1000, "*"&B12&"*") | E12: =SUMIFS(Invoice_Backup!$I$5:$I$1000, Invoice_Backup!$D$5:$D$1000, "*"&B12&"*") | F12: =SUMIFS(Invoice_Backup!$L$5:$L$1000, Invoice_Backup!$D$5:$D$1000, "*"&B12&"*") | G12: =IFERROR(F12/$A$5, 0)
A13: Avenue Super marts Ltd Waghodia - vadodara | B13: Waghodia | C13: =COUNTIF(Invoice_Backup!$D$5:$D$1000, "*"&B13&"*") | D13: =SUMIFS(Invoice_Backup!$F$5:$F$1000, Invoice_Backup!$D$5:$D$1000, "*"&B13&"*") | E13: =SUMIFS(Invoice_Backup!$I$5:$I$1000, Invoice_Backup!$D$5:$D$1000, "*"&B13&"*") | F13: =SUMIFS(Invoice_Backup!$L$5:$L$1000, Invoice_Backup!$D$5:$D$1000, "*"&B13&"*") | G13: =IFERROR(F13/$A$5, 0)
A14: Other / Custom D-Mart Branch | C14: =MAX(0, COUNT(Invoice_Backup!$A$5:$A$1000)-SUM(C10:C13)) | D14: =MAX(0, SUM(Invoice_Backup!$F$5:$F$1000)-SUM(D10:D13)) | E14: =MAX(0, SUM(Invoice_Backup!$I$5:$I$1000)-SUM(E10:E13)) | F14: =MAX(0, SUM(Invoice_Backup!$L$5:$L$1000)-SUM(F10:F13)) | G14: =IFERROR(F14/$A$5, 0)
A15: STORE SUMMARY TOTAL | C15: =SUM(C10:C14) | D15: =SUM(D10:D14) | E15: =SUM(E10:E14) | F15: =SUM(F10:F14) | G15: =SUM(G10:G14)
A17: MONTHLY BILLING TRENDS & QUANTITIES
A18: Month - Year | B18: Period Filter | C18: Invoices Billed | D18: Ankhi DC (Tons) | E18: Por DC (Boxes) | F18: Monthly Amount (₹) | G18: Average Bill Value (₹)
A19: Oct-2026 | B19: October 2026 | C19: =COUNTIF(Invoice_Backup!$C$5:$C$1000, A19) | D19: =SUMIF(Invoice_Backup!$C$5:$C$1000, A19, Invoice_Backup!$F$5:$F$1000) | E19: =SUMIF(Invoice_Backup!$C$5:$C$1000, A19, Invoice_Backup!$I$5:$I$1000) | F19: =SUMIF(Invoice_Backup!$C$5:$C$1000, A19, Invoice_Backup!$L$5:$L$1000) | G19: =IFERROR(F19/C19, 0)
A20: Nov-2026 | B20: November 2026 | C20: =COUNTIF(Invoice_Backup!$C$5:$C$1000, A20) | D20: =SUMIF(Invoice_Backup!$C$5:$C$1000, A20, Invoice_Backup!$F$5:$F$1000) | E20: =SUMIF(Invoice_Backup!$C$5:$C$1000, A20, Invoice_Backup!$I$5:$I$1000) | F20: =SUMIF(Invoice_Backup!$C$5:$C$1000, A20, Invoice_Backup!$L$5:$L$1000) | G20: =IFERROR(F20/C20, 0)
A21: Dec-2026 | B21: December 2026 | C21: =COUNTIF(Invoice_Backup!$C$5:$C$1000, A21) | D21: =SUMIF(Invoice_Backup!$C$5:$C$1000, A21, Invoice_Backup!$F$5:$F$1000) | E21: =SUMIF(Invoice_Backup!$C$5:$C$1000, A21, Invoice_Backup!$I$5:$I$1000) | F21: =SUMIF(Invoice_Backup!$C$5:$C$1000, A21, Invoice_Backup!$L$5:$L$1000) | G21: =IFERROR(F21/C21, 0)
A22: Jan-2027 | B22: January 2027 | C22: =COUNTIF(Invoice_Backup!$C$5:$C$1000, A22) | D22: =SUMIF(Invoice_Backup!$C$5:$C$1000, A22, Invoice_Backup!$F$5:$F$1000) | E22: =SUMIF(Invoice_Backup!$C$5:$C$1000, A22, Invoice_Backup!$I$5:$I$1000) | F22: =SUMIF(Invoice_Backup!$C$5:$C$1000, A22, Invoice_Backup!$L$5:$L$1000) | G22: =IFERROR(F22/C22, 0)
